u1,u2,u3,u4
-2.9998893919138307,-3.0001106080931863,1.999081880840463,-4.0
-2.9997147023651793,-3.0002852976376975,1.9989661957834612,-3.9999999999995417
-2.9995982624517126,-3.000401737548402,1.9988890841260003,-3.999999999999236
-2.999075341729432,-3.000924658269016,1.9976689234018834,-3.999999999999738
-2.9988011477634777,-3.0011988522363366,1.9970268269701565,-3.999999999999976
-2.9987432137070913,-3.001256786292909,1.9637243891192624,-3.9340675476077096
-2.2166774928858586,-2.2195707768140047,1.4075642250496712,-2.8209970168641116
-1.4972051485118951,-1.4992791391018947,1.0194419976085471,-2.044170126838518
-0.9838403251525741,-0.9858777485014908,0.7745254953872962,-1.5550098036877322
-0.6304440904303699,-0.6315232410384003,0.6219723391861104,-1.247755529230091
-0.38813263134502024,-0.3893707338944841,0.5247189990380386,-1.0529329439530175
-0.22292600274130842,-0.22492607827674993,0.4599396826247738,-0.9255017827492666
-0.11001515926642846,-0.11252312853201576,0.41894304611050814,-0.8448062323471293
-0.03294934453216164,-0.035746691443213754,0.39306730545934265,-0.7937210158982122
0.019691393810572493,0.016812188628593863,0.37714767355922174,-0.7620631217423783
0.05586095036066095,0.05283697504666386,0.3676153271734624,-0.743328886167648
0.08083479334968344,0.07783039303770509,0.3625584062270845,-0.7332561308228878
0.09821650502275243,0.09517891765826283,0.3604191942633496,-0.7290168401926023
0.11043628545983454,0.10739393674034467,0.36022271939626804,-0.7287356449305615
0.11922710605389183,0.1161211230770232,0.36134352797788494,-0.7310778135269447
0.12565445507376885,0.12250101273739872,0.3633786855083236,-0.7352442877659382
0.1304877383075166,0.12729421846897,0.36603527804827246,-0.740650448441051
0.13424419031986357,0.1310148409387767,0.36911582124244313,-0.7469060649911267
0.13727469488629818,0.134010726955316,0.37248915352643774,-0.7537499211482631
0.13981691194010643,0.1365180104654995,0.37606740909111797,-0.7610062164219623
0.14203121137849642,0.1386968161254455,0.37979105513843886,-0.7685535616497396
0.14401088165100623,0.14061980423090217,0.38341556757380424,-0.7763052661900566
0.14590890806338497,0.14245745138230295,0.3873689574618596,-0.7843013901959217
0.14768479879580504,0.14416943524987044,0.3913590492289702,-0.7923836809652891
0.14939024782346044,0.14581455803534657,0.39538030475779107,-0.8005379177755153
0.15106320533941633,0.14737672151349993,0.3993461233463431,-0.8087737277396961
0.15271838964479745,0.14894166937335487,0.4033760783720445,-0.8170448052777364
0.15434891991546792,0.15050032548302136,0.40745474059740866,-0.8253662979306821
0.1559642996484104,0.15205452063004704,0.4115659298050726,-0.8337326542500962
0.1575719128289203,0.15360658277087166,0.41570151254857446,-0.842139144483699
0.1591763050549593,0.15515837762181037,0.4198567697485041,-0.8505815498995244
0.16078021543197488,0.1567112352616785,0.42402870535590137,-0.8590562262513616
0.16238526041915016,0.15826601745409974,0.42821518830457056,-0.8675599515915541
0.16399234570214516,0.15982321234369953,0.4324145179656132,-0.8760897748307654
0.16560191981610495,0.16138302902678284,0.4366252150047442,-0.8846429245796134
0.16721412672293381,0.16294547259520684,0.44084590890593434,-0.8932167233665452
0.1688289041597187,0.16451040009092746,0.4450752756862002,-0.9018085314847508
0.17044604997382848,0.16607756029902002,0.44931200327670684,-0.9104157103244835
0.1720652613897106,0.1676466256083276,0.45355477533764055,-0.919035598435321
0.17367197293594158,0.16926746859108008,0.45790012967363175,-0.9276527332247464
0.1752701521156693,0.17085588228806015,0.4622057189473684,-0.9362953034592161
0.17687788831636667,0.17243551414581537,0.4664861702803791,-0.9449415211523118
0.17849200792089745,0.17401148459346452,0.4707546199831115,-0.9535878855830445
0.1801092109044925,0.17558553422994538,0.4750162432998038,-0.9622317909183397
0.18172743116670736,0.17715806727164174,0.47927261489543166,-0.970870483439337
0.1833452943578632,0.17872890957253812,0.4835236144094534,-0.9795010098968773
0.1849617745646611,0.18029762616754744,0.4877683132231385,-0.9881202575441301
0.18657601511559066,0.18186366011007918,0.4920053751627515,-0.9967249703781251
0.18818724194592856,0.18342639634899774,0.4962332584960188,-1.0053117735758723
0.18979471441795093,0.18498519168837987,0.5004502991109845,-1.0138771832955544
0.19139770892244973,0.18653937918395866,0.5046547508595294,-1.0224176134460883
0.19299550285986167,0.18808827592685115,0.5088448027824806,-1.0309293801747812
0.19458736752351247,0.1896311837066285,0.5130185913809807,-1.0394087051844767
0.19617256480351178,0.1911673931432848,0.5171742151640871,-1.0478517255981603
0.19775034619096096,0.19269617656534266,0.5213097173257631,-1.0562544855471279
0.19931994798551791,0.1942167926654051,0.5254230992368824,-1.0646129383686558
0.20088059537536979,0.1957284888060452,0.5295123307825104,-1.0729229702911267
0.20243149829487866,0.19723049524347464,0.5335753348189738,-1.081180371284157
0.2039718526187403,0.198722028248949,0.5376099921775547,-1.0893808552140196
0.20550084120547613,0.2002022920904404,0.5416141517708013,-1.0975200641161102
0.207017631959528,0.20167047645443575,0.545585623186623,-1.1055935586931611
0.20852138099600187,0.20312575724276868,0.5495221775990272,-1.1135968288311304
0.21001123155012683,0.20456729940618545,0.5534215574915843,-1.1215253005708357
0.2114863145555939,0.20599425585414616,0.5572814714540335,-1.1293743321402938
0.21294574806889568,0.2074057674402827,0.5610995962040103,-1.1371392145098778
0.21438863978969666,0.20880096554489402,0.5648735807529339,-1.1448151861674063
0.21581408768634097,0.21017897022549525,0.5686010462200839,-1.1523974260592156
0.2172211803324409,0.21153889275594337,0.5722795884227236,-1.1598810658373928
0.2186089968605575,0.21287983641427827,0.5759067821865439,-1.1672611884562063
0.21997660748441059,0.21420089556405575,0.5794801762914475,-1.1745328306228644
0.22132307749925645,0.21550115981160528,0.5829973108796623,-1.181691000815322
0.22264746487091733,0.21677971120678632,0.5864557013525671,-1.18873066856727
0.2239488221231672,0.21803562780138766,0.5898528528015684,-1.195646777095255
0.2252261989583618,0.2192679839233347,0.5931862642212573,-1.2024342524181304
0.2264786408758069,0.2204758494080017,0.5964534187433492,-1.2090879973789104
0.22770519222879396,0.22165829431963505,0.5996517999614532,-1.2156029116139717
0.22890489691800125,0.22281438717897986,0.6027788894866969,-1.2219738898982055
0.2300767981151896,0.22394319719098163,0.6058321690751044,-1.2281958270211515
0.23121994124724282,0.2250437955363297,0.6088091266305674,-1.2342636285596993
0.23233337579841445,0.22611525654808293,0.6117072597589045,-1.2401722201857994
0.23341615352307085,0.2271566586508796,0.6145240743206828,-1.245916545198479
0.23446733333646605,0.22816708549015322,0.6172570918158802,-1.2514915799480026
0.23548598184222927,0.2291456275984381,0.6199038536153015,-1.256892340198133
0.2364711721735611,0.2300913846736829,0.6224619241983224,-1.262113883986616
0.2374219886727685,0.23100346616745956,0.6249288947841044,-1.2671513270361179
0.23833752693725796,0.2318809911532359,0.6273023835286672,-1.2719998406518944
0.23921689421062234,0.23272309363137272,0.6295800475399246,-1.276654668483145
0.24005921366030475,0.23352891903284662,0.6317595754611566,-1.281111128489986
0.24086362366051117,0.23429763004197574,0.6338387047353926,-1.285364625324553
0.2416292795130231,0.2350284060503229,0.6358152130770063,-1.2894106559357852
0.24235535508121372,0.23572044422525257,0.6376869315653193,-1.2932448154417109
0.24304104603298005,0.23637296291871465,0.6394517458722646,-1.2968628146771901
0.24368556865528754,0.23698520034502946,0.6411075956408644,-1.3002604743929425
0.24428816280863283,0.23755641923885412,0.6426524864246101,-1.303433745291954
0.2448480946389458,0.23808590434741353,0.6440844857318224,-1.306378708893655
0.24536465390712758,0.2385729689282171,0.6454017342595884,-1.309091587774757
0.2458371609113751,0.23901695061895553,0.6466024431970316,-1.311568753122767
0.24626496344308968,0.23941721834117557,0.6476849050742303,-1.313806735063976
0.24664744155724605,0.2397731692393339,0.6486474892075191,-1.3158022270126328
0.2469840050418015,0.24008423243161167,0.649488651996334,-1.317552090010751
0.24727409940043624,0.24034986944334286,0.65020693796116,-1.3190533685812107
0.24751720450370726,0.24056957516056654,0.6508009830653361,-1.32030329171334
0.24771283417547202,0.24074288167607683,0.6512695181854121,-1.3212992796273249
0.2478605414907093,0.24086935415169808,0.6516113710234418,-1.3220389486466317
0.24795991774937723,0.24094859705749205,0.6518254715508902,-1.3225201251990737
0.2480105921330035,0.2409802528077977,0.65191085186004,-1.3227408400626703
0.24801223445906986,0.24096400349764874,0.6518666548376744,-1.322699341866924
0.24796455639605933,0.24089957095538928,0.6516921259271298,-1.3223941002402821
0.24786731217296704,0.24078671882507152,0.6513866284782068,-1.3218238115387466
0.24772029838412493,0.240625252217498,0.6509496350411529,-1.3209874007056956
0.24752335530546785,0.24041501843313628,0.6503807336304587,-1.3198840242420744
0.24727636721710783,0.24015590936310716,0.6496796316112274,-1.3185130770733282
0.24697926260032957,0.23984785885597615,0.6488461500940051,-1.316874189727551
0.2466320170299438,0.23949084644115956,0.6478802345754119,-1.314967242369759
0.24623465074940398,0.23908489589496962,0.6467819505208763,-1.3127923543773148
0.24578722958064517,0.23863007402864614,0.6455514789848789,-1.3103498863792136
0.24528986571158662,0.23812649596966298,0.6441891306240611,-1.307640453782082
0.24474271607748088,0.2375743194966487,0.6426953331587596,-1.3046649122129004
0.24414598869721935,0.23697374700654172,0.6410706366079808,-1.3014243703105757
0.2434999294830519,0.23632502763722324,0.6393157099653064,-1.2979201702911787
0.24280483677665726,0.23562845763242365,0.6374313562917223,-1.2941539198308625
0.2420610526833902,0.23488436823078568,0.6354184745589735,-1.290127444113357
0.2412689642182951,0.23409314524096744,0.6332781065484134,-1.2858428356414429
0.2404290019293488,0.23325521410599806,0.6310114046493873,-1.2813024079700144
0.23954164242314224,0.2323710438539151,0.6286196287041014,-1.2765087157402901
0.23860740190603616,0.23144114535571722,0.626104173533097,-1.2714645493455714
