l1,l2,l3,l4,l5,l6
0.2000918119159537,-0.30001106080931866,-0.4,-0.2999889391913831,0.1999081880840463,0.6000000000007017
0.40019519233756173,-0.6000395905730884,-0.7999999999999542,-0.599960409427901,0.39980480766239246,1.2000000000009896
0.6003062839248853,-0.9000797643279286,-1.1999999999998778,-0.8999202356730722,0.5996937160749924,1.8000000000010012
0.8005393915846708,-1.20017223015483,-1.5999999999998518,-1.1998277698460154,0.7994606084151807,2.400000000000846
1.0008367088876529,-1.5002921153784639,-1.9999999999998495,-1.4997078846223633,0.9991632911121964,3.0000000000008273
1.1978710247364976,-1.8004177940077548,-2.3934067547606204,-1.7995822059930724,1.1955357300241225,3.6000000000008274
1.3392143039179416,-2.022374871689155,-2.6755064564470317,-2.0212499552816583,1.3362921525290896,4.043624826970814
1.4416871168409386,-2.172302785599345,-2.8799234691308833,-2.170970470132848,1.4382363522899444,4.343273255732193
1.5197355476709822,-2.270890560449494,-3.0354244494996565,-2.2693545026481052,1.515688901828674,4.540245063097599
1.5823138666753802,-2.334042884553334,-3.1602000024226657,-2.332398911691142,1.577886135747285,4.6664417962444755
1.6351352611668781,-2.3729799579427824,-3.2654932968179673,-2.371212174825644,1.630358035651089,4.7441921327684256
1.6816914711793274,-2.3954725657704574,-3.358043475092894,-2.393504775099775,1.6763520039135664,4.788977340870232
1.7242777898029895,-2.406724878623659,-3.4425240983276066,-2.404506291026418,1.7182463085246171,4.8112311696500765
1.7643431608468765,-2.41029954776798,-3.521896199917428,-2.407801225479634,1.7575530390705514,4.818100773247614
1.802834705665192,-2.4086183289051206,-3.598102512091666,-2.405832086098577,1.7952678064264735,4.814450415003697
1.8404060615646107,-2.4033346314004542,-3.6724354007084306,-2.4002459910625107,1.8320293391438198,4.803580622462965
1.877475834024191,-2.395551592096684,-3.745761013790719,-2.3921625117275425,1.8682851797665283,4.787714103824226
1.9143355986171162,-2.3860337003308576,-3.8186626978099794,-2.3823408612252672,1.9043270991928634,4.768374561556124
1.9511868911705457,-2.3752943066568233,-3.8915362623030356,-2.3712972326792836,1.9403493711324902,4.746591539336106
1.9881603197254516,-2.363682194349121,-3.96464404365573,-2.3593745220738946,1.9764837239302786,4.723056716423015
2.025346879951213,-2.351432093075381,-4.038168472432324,-2.346809076566518,2.012821592481111,4.698241169641898
2.062808396990491,-2.338702671228484,-4.1122335172764295,-2.333760302735766,2.0494251202859384,4.672462973964249
2.1005874213653595,-2.3256011871346063,-4.186924123775542,-2.3203358837037795,2.0863367024101827,4.645937070838385
2.138713498127542,-2.3122001144390745,-4.262299115890368,-2.3066084142151495,2.1235856177628265,4.618808528654223
2.1772073788606265,-2.2985483133925246,-4.338399737532565,-2.292626723021139,2.161192358671938,4.591175036413662
2.2160836295117567,-2.28467863177998,-4.415255093697539,-2.278423601883289,2.199171464185782,4.563102233663268
2.255372599373382,-2.2706166513568897,-4.492885620316544,-2.2640225137181886,2.2375130209431626,4.5346391650750775
2.295065842646788,-2.256370906218659,-4.571315759336136,-2.24943162291185,2.2762499166893484,4.505802529130508
2.33516830582042,-2.241953962693672,-4.650554127432665,-2.2346631430322694,2.3153858216122454,4.476617105725941
2.3756840671221924,-2.2273725068901373,-4.730607919210216,-2.2197241182499234,2.3549238520880245,4.44709662514006
2.4166268275615277,-2.2126348347387874,-4.811485291984186,-2.204617797715982,2.3948584644226587,4.417252632454768
2.457993700252097,-2.197740667801452,-4.89318977251196,-2.189345958751502,2.4351960722598633,4.387086626552953
2.4997848559854243,-2.1826906352531497,-4.975726402305028,-2.1739110667599553,2.4759415463196044,4.356601702013104
2.542001528429927,-2.167485183190145,-5.059099667730038,-2.1583146367951143,2.5170981393001117,4.325799819985258
2.5846452916234393,-2.1521245249130576,-5.143313582178408,-2.1425574455122223,2.5586682905549694,4.294681970425279
2.6277177696385414,-2.1366086871508765,-5.22837173716836,-2.1266398150067265,2.6006539675298197,4.2632485021576025
2.6712205217280873,-2.1209375636247088,-5.314277359793496,-2.110561793463529,2.64305683806541,4.2314993570882375
2.7151549980567857,-2.1051109618792987,-5.401033354952651,-2.094323267421614,2.6858783568958673,4.199434229300913
2.7595225237433008,-2.0891286406449288,-5.488642332435727,-2.0779240328513993,2.7291198086924284,4.167052673496328
2.8043242947007876,-2.0729903377422505,-5.5771066248936885,-2.061363840869789,2.7727823301929027,4.134354178612039
2.849561376146849,-2.05669579048273,-5.666428297230343,-2.0446424281974958,2.8168669210834962,4.101338218680225
2.8952347017267037,-2.040244750473637,-5.756609150378818,-2.027759537781524,2.8613744486521164,4.06800428825516
2.9413450724314814,-2.023636994443735,-5.8476507214112665,-2.010714932784141,2.906305648979787,4.034351927227876
2.9878931547412493,-2.0068723318829025,-5.939554281254798,-1.99350840664517,2.951661126513551,4.000380738528072
3.0348684150963607,-1.9899455850237944,-6.032319554577273,-1.9761412093515758,2.997451139480914,3.96608679437537
3.0822773735475457,-1.9728599967949885,-6.125949084923195,-1.9586141941400088,3.0436717113756506,3.9314741909349973
3.130122908634739,-1.955616445380407,-6.220443237038427,-1.9409264053083721,3.0903203284036884,3.896542850688779
3.1784062351947324,-1.9382152969210606,-6.315802025596731,-1.9230772045162823,3.1373957904019996,3.861292501437343
3.2271277899565862,-1.9206567434980661,-6.412025204688565,-1.905066283425833,3.1848974147319797,3.825723026923899
3.2762875768109767,-1.902940936770902,-6.509112253032498,-1.8868935403091622,3.2328246762215227,3.7898344770800643
3.3258853163597193,-1.8850680458136482,-6.607062354022186,-1.8685590108733758,3.2811770376624683,3.7536270566870242
3.3759205107918184,-1.8670382831968935,-6.705874379776599,-1.8500628334169098,3.329953868984782,3.7171011166138035
3.4263924703133557,-1.8488519171858855,-6.805546876814412,-1.8314052319053507,3.379154406501057,3.6802571490912364
3.477300321821341,-1.8305092775509857,-6.906078054171999,-1.8125865077107577,3.428777732350659,3.643095785261744
3.528643010239798,-1.8120107583821476,-7.007465772501555,-1.7936070362689627,3.4788227622617574,3.6056177946511108
3.580419296498454,-1.7933568204637518,-7.109707533846164,-1.7744672653767177,3.52928823734771,3.5678240858404697
3.6326277542376837,-1.7745479928710666,-7.212800471863642,-1.7551677150907317,3.5801727176259583,3.5297157079617985
3.6852667656180333,-1.7555848745004037,-7.316741342382089,-1.7357089783383803,3.6314745767640564,3.4912938528387842
3.738334516661441,-1.7364681351860751,-7.421526514941905,-1.7160917218580292,3.6831919982804653,3.4525598570441045
3.7918289934835774,-1.7171985175295408,-7.5271519634966175,-1.696316687238933,3.7353229700130415,3.413515204768474
3.845747977396755,-1.6977768382630003,-7.633613257333483,-1.6763846924403811,3.78786527993673,3.3741615307033817
3.9000890413476164,-1.6782039893823957,-7.7409055543625955,-1.6562966329028441,3.840816513014981,3.33450062228524
3.9548495449941345,-1.6584809398580482,-7.849023591491012,-1.6360534830733562,3.8941740464968784,3.2945344229314046
4.010026631297781,-1.6386087370331532,-7.957961677012413,-1.6156562978114821,3.947935045714634,3.254265034844636
4.065617222532312,-1.6185885078241091,-8.067713683424024,-1.5951062136909344,4.002096460891714,3.213694721515044
4.121618016082966,-1.5984214601786655,-8.178273039293341,-1.5744044504949817,4.056655023210376,3.1728259106736476
4.178025481206176,-1.5781088844543887,-8.289632722176455,-1.5535523123953814,4.111607240970279,3.1316611968497705
4.234835855514102,-1.55765215451377,-8.401785252233537,-1.5325511892403687,4.166949396719437,3.090203343754139
4.292045141582728,-1.5370527289283553,-8.514722685447566,-1.5114025577848094,4.22267754386484,3.0484552867131653
4.349649103413315,-1.516312152184327,-8.628436606898553,-1.4901079829779198,4.278787503485241,3.0064201351622475
4.407643263954762,-1.4954320556298377,-8.742918125515294,-1.46866911899895,4.335274861560535,2.964101174628788
4.4660229019386755,-1.474414158607288,-8.858157868121216,-1.447087710230316,4.392134966182543,2.9215018688376047
4.524783049680142,-1.4532602693316938,-8.974145974704955,-1.4253655921970718,4.449362925024816,2.878625861528766
4.583918490307108,-1.431972285690266,-9.090872093550576,-1.4035046925110162,4.5069536032434705,2.8354769782012825
4.64342375574025,-1.4105521961338603,-9.208325376612862,-1.381507031762575,4.564901620872615,2.792059227896436
4.7032931247338166,-1.3890020801526997,-9.326494476694394,-1.3593747240126495,4.6232013519605815,2.74837680416535
4.763520621455287,-1.367324109032021,-9.445367543551122,-1.3371099775255577,4.681846922095838,2.7044340865575793
4.824100013884656,-1.3455205462518822,-9.564932221260648,-1.314715095313241,4.740832207375995,2.660235641565124
4.885024812704343,-1.3235937478595488,-9.685175646502461,-1.2921924754174048,4.800150833798121,2.615786223276954
4.9462882705679,-1.3015461629187486,-9.806084446240352,-1.269544611329824,4.8597961756724555,2.571090774248573
5.007883381733151,-1.279380333486785,-9.92764473740175,-1.2467740921069448,4.919761355668601,2.52615442559373
5.069802881774303,-1.257098894768887,-10.04984212639157,-1.2238836024151447,4.98003924461727,2.4809824971840317
5.132039247568907,-1.234704575049789,-10.172661709093685,-1.2008759226036259,5.04062246152478,2.4355804976534148
5.194584697761821,-1.2122001954961559,-10.296088071949654,-1.1777539284789016,5.101503374187837,2.3899541239750577
5.25743119380451,-1.1895886698413476,-10.420105293968234,-1.1545205908990601,5.162674100163728,2.344109260740408
5.32057044089229,-1.1668730039762596,-10.544696948488083,-1.131178975546753,5.2241265075957966,2.298051979523013
5.383993889705502,-1.1440562954272442,-10.669846106482883,-1.1077322422131064,5.285852216777385,2.2517885376403513
5.447692738363785,-1.1211417326674005,-10.795535340502695,-1.0841836440288835,5.347842602138915,2.2053253766962846
5.511657934342614,-1.0981325942000322,-10.921746728901358,-1.0605365268115274,5.410088794558747,2.15866912101156
5.575880177567816,-1.0750322475832863,-11.04846186160497,-1.0367943279442506,5.4725816840371575,2.1118265755275374
5.640349923280139,-1.0518441484679628,-11.17566184567016,-1.0129605752505249,5.535311922390024,2.064804723718488
5.705057385374461,-1.0285718391048255,-11.303327312518475,-0.9890388858294626,5.598269927144017,2.0176107249342885
5.769992540677344,-1.005218947201541,-11.431438425367473,-0.9650329644634321,5.661445884690132,1.9702519116649733
5.83514513273626,-0.9817891841973434,-11.559974887899928,-0.940946602097381,5.724829755163672,1.9227357862947245
5.900504677022138,-0.9582863435923111,-11.688915953493506,-0.9167836741460788,5.788411276471372,1.8750700177383899
5.966060465409777,-0.9347142991697859,-11.818240435037676,-0.8925481386379573,5.852179969627904,1.8272624378077433
6.03180157229027,-0.9110770028779144,-11.947926716505396,-0.8682440340346593,5.916125144215131,1.7793210369125738
6.097716860165478,-0.8873784828434115,-12.07795276394469,-0.8438754771691306,5.980235903779217,1.731253960012542
6.163794986052212,-0.863622840919526,-12.208296138473886,-0.8194466608882673,6.044501152421678,1.6830695018077935
6.230024408368395,-0.8398142504847846,-12.338934009363252,-0.7949618514243728,6.108909600994861,1.6347761019091576
6.296393393719912,-0.815956953591963,-12.469843168140727,-0.7704253860336601,6.17344977442082,1.5863823396256231
6.3628900247124855,-0.7920552585300674,-12.601000043453004,-0.7458416699425225,6.238110018740523,1.53789692847259
6.42950220771146,-0.7681135366959498,-12.732380716959401,-0.7212151735982135,6.302878509247946,1.4893287102941635
6.496217681491971,-0.7441362197720165,-12.863960939660664,-0.6965504294424889,6.367743258168698,1.4406866492145054
6.563024025293413,-0.7201277965288553,-12.995716148661739,-0.6718520289383088,6.432692123368331,1.391979825467164
6.6299086683554185,-0.696092809584521,-13.12762148551986,-0.6471246189982651,6.497712817164447,1.343217428582786
6.696858899220219,-0.6720358520684644,-13.259651814691194,-0.6223728985478943,6.562792915470981,1.2944087506163586
6.763861875364411,-0.6479615639008567,-13.391781742653928,-0.5976016151303472,6.627919867289522,1.2455631790312038
6.83090463312673,-0.6238746284856869,-13.52398563751859,-0.5728155609812762,6.693081004391867,1.196690189466963
6.897974098491549,-0.5997797687799377,-13.656237650038499,-0.5480195692063384,6.758263551546956,1.147799337986276
6.965057097311812,-0.5756817434991579,-13.788511734044766,-0.5232185099930381,6.82345463673296,1.0989002534921959
7.032140366014737,-0.551585343149393,-13.920781668231458,-0.49841728654713113,6.888641302216727,1.050002629696524
7.099210563446052,-0.527495386053854,-14.053021078255485,-0.4736208309075252,6.95381051480944,1.001116216961379
7.1662542817521055,-0.5034167141713469,-14.18520345940936,-0.4488340996902285,7.018949177657261,0.9522508138615751
7.23325805831856,-0.47935418894959714,-14.31730219947993,-0.42406206985181605,7.0840441411613755,0.9034162588014127
7.300208387379722,-0.45531268710628353,-14.449290601904137,-0.39930973432126926,7.149082214524421,0.8546224214275523
7.367091731925932,-0.4312970961699728,-14.58114190961147,-0.37458209759955846,7.214050177685544,0.8058791937695308
7.433894535889286,-0.4073123102843752,-14.712829328584224,-0.3498841713395255,7.278934792694945,0.7571964816239002
7.500603236668721,-0.38336322564025926,-14.8443260528212,-0.32522096963653113,7.343722816152486,0.7085841952767898
7.567204277054365,-0.3594547360507623,-14.975605288258931,-0.30059750456159073,7.408401011204574,0.6600522406123525
7.633684117793798,-0.33559172864789766,-15.106640276896853,-0.2760187816035262,7.472956159103061,0.6116105102514233
7.7000292501096,-0.3117790790509314,-15.237404322275061,-0.25148979503236757,7.537375072165467,0.5632688740832984
7.766226208015015,-0.28802164710126654,-15.367870813496351,-0.22701552342461948,7.601644605481344,0.5150371705258854
7.832261581385274,-0.26432427240061235,-15.498013250527409,-0.20260092455489753,7.665751669142142,0.46692519695550927
7.898122027417862,-0.24069176963689,-15.627805267556527,-0.17825093160659233,7.729683240138672,0.41894270124348176
7.963794283771776,-0.21712892387364766,-15.757220659539612,-0.1539704479289266,7.793426375767845,0.3710993718025737
8.029265180727215,-0.19364048705056908,-15.886233403950948,-0.1297643426605876,7.856968223223742,0.3234048297111561
8.094521653636518,-0.17023117252647232,-16.01481768751509,-0.10563744623875808,7.920296033878583,0.27586861876522983
8.159550753968581,-0.1469056511158725,-16.142947928312093,-0.0815945460458232,7.983397174343522,0.22850019716169515
8.2243396626722,-0.123668546730481,-16.270598799886123,-0.05764038180350897,8.046259137213932,0.18130892853398942
8.288875700253447,-0.10052443219490928,-16.39774525482068,-0.03377964161290535,8.108869554567242,0.13430407380781406
